recipe_id,ingredients
7,にんじん
13,卵
14,ピーマン
54,キャベツ
58,大根
100,"キャベツ,卵"
107,ピーマン
112,卵
115,キャベツ
118,大根
121,にんじん
125,"大根,にんじん"
127,にんじん
130,にんじん
131,卵
132,"ピーマン,にんじん"
137,"キャベツ,卵"
139,じゃがいも
140,"チーズ,にんじん"
141,にんじん
143,"キャベツ,トマト,にんじん,じゃがいも"
145,キャベツ
159,牛乳
171,キャベツ
174,にんじん
179,"かぼちゃ,にんじん"
184,"きゅうり,トマト"
186,"大根,にんじん"
187,"きゅうり,トマト"
190,きゅうり
192,"大根,卵"
194,きゅうり
196,にんじん
198,キャベツ
205,にんじん
206,卵
214,きゅうり
218,にんじん
223,大根
226,卵
227,"じゃがいも,にんじん"
229,卵
231,卵
232,卵
238,卵
239,卵
240,卵
248,にんじん
250,キャベツ
255,キャベツ
260,きゅうり
262,"大根,にんじん,ピーマン"
263,にんじん
273,"トマト,チーズ"
275,"にんじん,じゃがいも,牛乳"
277,"卵,大根"
283,大根
285,にんじん
287,キャベツ
288,"にんじん,きゅうり"
290,"にんじん,ピーマン,キャベツ"
291,にんじん
292,キャベツ
294,大根
295,きゅうり
296,卵
307,卵
308,卵
328,にんじん
330,"じゃがいも,牛乳"
337,ピーマン
340,キャベツ
354,"ピーマン,にんじん"
367,きゅうり
370,"にんじん,キャベツ"
371,牛乳
377,"きゅうり,にんじん"
379,"にんじん,きゅうり"
381,キャベツ
382,"にんじん,きゅうり"
383,"ピーマン,にんじん"
385,"じゃがいも,かぼちゃ"
390,"ピーマン,トマト"
392,卵
398,卵
402,卵
403,卵
410,"キャベツ,にんじん,ピーマン"
418,"キャベツ,にんじん,きゅうり"
423,"にんじん,じゃがいも"
425,"トマト,トマト"
429,"大根,にんじん"
430,レモン
437,にんじん
439,卵
440,かぼちゃ
441,大根
444,きゅうり
445,卵
446,にんじん
447,"大根,キャベツ"
451,"きゅうり,大根"
453,トマト
456,"じゃがいも,にんじん,きゅうり,卵"
458,ブロッコリー
459,キャベツ
461,卵
462,"にんじん,きゅうり"
463,卵
464,キャベツ
466,きゅうり
493,トマト
495,牛乳
496,"きゅうり,卵"
511,卵
514,卵
517,にんじん
519,"にんじん,きゅうり"
526,にんじん
528,ブロッコリー
537,トマト
539,"ピーマン,にんじん"
541,ブロッコリー
544,ブロッコリー
545,"かぼちゃ,牛乳"
547,トマト
551,"キャベツ,にんじん"
557,大根
562,"トマト,きゅうり"
569,"トマト,きゅうり"
571,卵
577,大根
579,にんじん
580,じゃがいも
583,卵
586,にんじん
587,大根
594,きゅうり
596,にんじん
598,大根
602,"大根,にんじん"
603,卵
607,"ピーマン,にんじん"
608,卵
611,"きゅうり,トマト"
612,"きゅうり,トマト"
614,卵
616,"じゃがいも,にんじん,きゅうり,チーズ"
617,牛乳
618,"卵,牛乳"
620,"ピーマン,キャベツ"
621,にんじん
625,きゅうり
627,にんじん
637,"トマト,ピーマン"
641,にんじん
645,きゅうり
650,牛乳
661,牛乳
665,にんじん
667,にんじん
670,きゅうり
676,卵
690,きゅうり
691,にんじん
693,きゅうり
694,キャベツ
695,きゅうり
696,トマト
697,トマト
698,トマト
703,"ピーマン,にんじん"
704,"じゃがいも,牛乳"
714,かぼちゃ
719,にんじん
721,大根
723,キャベツ
726,きゅうり
727,トマト
731,かぼちゃ
735,"じゃがいも,ブロッコリー"
737,にんじん
738,卵
739,きゅうり
743,きゅうり
745,きゅうり
755,かぼちゃ
757,きゅうり
758,トマト
761,"にんじん,じゃがいも"
762,牛乳
764,"にんじん,牛乳"
766,じゃがいも
767,"じゃがいも,牛乳"
769,大根
771,牛乳
772,卵
777,卵
781,"大根,にんじん"
784,"トマト,キャベツ"
789,トマト
791,"じゃがいも,牛乳"
792,卵
793,トマト
794,キャベツ
799,きゅうり
808,じゃがいも
832,きゅうり
838,トマト
839,"かぼちゃ,にんじん,大根"
840,トマト
841,ブロッコリー
845,にんじん
850,"トマト,かぼちゃ,きゅうり"
855,ブロッコリー
856,"きゅうり,にんじん"
857,牛乳
863,牛乳
864,"じゃがいも,にんじん"
866,牛乳
880,"卵,にんじん"
883,じゃがいも
886,"大根,にんじん"
887,牛乳
893,"じゃがいも,卵"
898,キャベツ
900,かぼちゃ
903,かぼちゃ
908,"にんじん,卵"
913,にんじん
922,ピーマン
926,きゅうり
928,"かぼちゃ,きゅうり,牛乳"
929,"ピーマン,トマト"
938,レモン
946,卵
947,"にんじん,卵"
948,にんじん
955,レモン
958,"きゅうり,にんじん"
959,きゅうり
961,卵
962,"キャベツ,にんじん"
963,卵
965,キャベツ
966,卵
972,にんじん
973,牛乳
974,にんじん
975,卵
977,"じゃがいも,キャベツ"
978,"きゅうり,にんじん"
979,トマト
981,にんじん
985,"トマト,きゅうり"
986,"キャベツ,卵,卵"
988,牛乳
990,ピーマン
994,"かぼちゃ,牛乳"
997,トマト
999,"牛乳,じゃがいも"
1003,きゅうり
1005,"キャベツ,卵"
1009,かぼちゃ
1018,"卵,にんじん"
1019,卵
1020,"卵,トマト"
1025,にんじん
1026,トマト
1029,牛乳
1030,牛乳
1032,卵
1033,大根
1034,トマト
1036,牛乳
1037,にんじん
1038,"大根,にんじん"
1045,キャベツ
1057,"かぼちゃ,ピーマン"
1058,牛乳
1067,トマト
1077,きゅうり
1078,じゃがいも
1080,キャベツ
1087,牛乳
1090,トマト
1093,トマト
1094,"ピーマン,にんじん"
1095,きゅうり
1096,"ブロッコリー,トマト"
1097,卵
1098,"キャベツ,きゅうり"
1100,"卵,ブロッコリー"
1104,牛乳
1106,にんじん
1108,卵
1113,"ブロッコリー,きゅうり,トマト"
1116,きゅうり
1117,きゅうり
1118,"卵,トマト,牛乳"
1119,キャベツ
1120,"にんじん,じゃがいも,キャベツ"
1123,にんじん
1124,にんじん
1126,じゃがいも
1129,にんじん
1130,"キャベツ,きゅうり"
1132,にんじん
1133,"じゃがいも,ブロッコリー,にんじん"
1134,大根
1135,牛乳
1137,"大根,にんじん"
1138,"にんじん,卵,トマト"
1142,きゅうり
1146,卵
1148,卵
1150,牛乳
1152,ピーマン
1153,きゅうり
1155,にんじん
1157,"卵,にんじん"
1161,牛乳
1162,にんじん
1166,"キャベツ,にんじん"
1167,大根
1168,大根
1170,トマト
1171,大根
1172,きゅうり
1176,にんじん
1177,ピーマン
1180,トマト
1181,"きゅうり,大根"
1183,大根
1188,にんじん
1189,ピーマン
1193,キャベツ
1194,ブロッコリー
1195,卵
1197,大根
1198,じゃがいも
1202,"キャベツ,にんじん"
1207,かぼちゃ
1208,トマト
1215,大根
1216,キャベツ
1217,にんじん
1218,きゅうり
1220,牛乳
1221,キャベツ
1224,チーズ
1227,にんじん
1228,卵
1229,にんじん
1233,ピーマン
1237,にんじん
1238,レモン
1239,かぼちゃ
1242,にんじん
1243,きゅうり
1244,大根
1255,牛乳
1256,"にんじん,大根,ブロッコリー"
1261,卵
1263,トマト
1265,にんじん
1268,にんじん
1269,"ブロッコリー,にんじん"
1271,大根
1272,ピーマン
1273,"ブロッコリー,にんじん"
1276,卵
1277,にんじん
1279,牛乳
1287,"大根,にんじん"
1289,にんじん
1293,にんじん
1294,きゅうり
1295,牛乳
1296,"ピーマン,にんじん"
1304,じゃがいも
1306,牛乳
1308,大根
1312,卵
1314,キャベツ
1318,"卵,にんじん"
1319,にんじん
1321,きゅうり
1322,きゅうり
1325,"大根,きゅうり,にんじん"
1335,トマト
1337,にんじん
1341,"にんじん,大根"
1342,キャベツ
1343,大根
1347,にんじん
1352,にんじん
1353,"牛乳,大根,卵"
1354,ピーマン
1355,じゃがいも
1356,大根
1360,"トマト,じゃがいも"
1361,じゃがいも
1362,きゅうり
1366,かぼちゃ
1367,キャベツ
1368,大根
1369,きゅうり
1371,卵
1375,卵
1383,ピーマン
1386,"じゃがいも,卵,牛乳,にんじん"
1388,"大根,にんじん"
1389,きゅうり
1390,大根
1394,"じゃがいも,にんじん"
1395,にんじん
1396,"にんじん,大根"
1397,"かぼちゃ,にんじん"
1398,にんじん
1400,"大根,にんじん"
1405,きゅうり
1406,にんじん
1407,大根
1408,牛乳
1410,卵
1413,キャベツ
1414,大根
1417,牛乳
1419,にんじん
1423,卵
1425,卵
1428,"卵,牛乳"
1430,かぼちゃ
1431,"じゃがいも,卵,キャベツ,トマト"
1432,牛乳
1434,きゅうり
1437,"大根,にんじん,じゃがいも"
1440,にんじん
1443,牛乳
1444,大根
1445,大根
1446,にんじん
1447,"じゃがいも,大根,にんじん"
1450,卵
1453,ピーマン
1455,卵
1456,卵
1457,きゅうり
1458,卵
1460,卵
1464,"キャベツ,卵"
1465,キャベツ
1466,卵
1467,卵
1469,牛乳
1472,"牛乳,ブロッコリー"
1475,"レモン,トマト,キャベツ"
1476,"にんじん,じゃがいも"
1477,牛乳
1479,大根
1488,卵
1491,ピーマン
1493,きゅうり
1494,"レモン,トマト"
1495,"ピーマン,卵"
1496,卵
1500,きゅうり
1501,じゃがいも
1503,トマト
1507,大根
1511,キャベツ
1517,牛乳
1521,"キャベツ,にんじん"
1522,にんじん
1533,にんじん
1537,"牛乳,ブロッコリー"
1549,卵
1551,"卵,にんじん"
1558,卵
1562,"かぼちゃ,牛乳"
1564,"キャベツ,ブロッコリー"
1572,卵
1573,"じゃがいも,牛乳,卵"
1578,大根
1579,卵
1580,"卵,牛乳"
1584,にんじん
1585,かぼちゃ
1586,にんじん
1588,卵
1594,牛乳
1596,卵
1597,かぼちゃ
1601,卵
1602,卵
1606,卵
1608,"キャベツ,トマト"
1609,"ピーマン,にんじん"
1610,"にんじん,かぼちゃ"
1611,"ブロッコリー,卵"
1616,ブロッコリー
1618,牛乳
1621,レモン
1623,"牛乳,卵"
1624,"にんじん,ピーマン"
1625,"にんじん,卵"
1626,トマト
1630,"じゃがいも,にんじん"
1631,ブロッコリー
1635,にんじん
1636,きゅうり
1638,卵
1640,ピーマン
1641,"牛乳,かぼちゃ"
1643,"じゃがいも,にんじん,牛乳"
1647,トマト
1653,"きゅうり,トマト"
1658,大根
1663,にんじん
1664,キャベツ
1674,トマト
1678,"キャベツ,にんじん,じゃがいも"
1683,"大根,じゃがいも"
1688,牛乳
1689,牛乳
1692,にんじん
1694,牛乳
1696,卵
1697,にんじん
1707,ピーマン
1711,"にんじん,ブロッコリー"
1712,卵
1713,卵
1715,ピーマン
1729,にんじん
1736,トマト
1742,大根
1755,ブロッコリー
1756,大根
1757,牛乳
1758,"大根,にんじん"
1769,"にんじん,ピーマン"
1774,きゅうり
1778,"にんじん,ピーマン,キャベツ"
1779,ピーマン
1789,"卵,牛乳"
1790,卵
1793,卵
1794,大根
1795,トマト
1803,きゅうり
1805,ピーマン
1813,大根
1815,きゅうり
1817,"大根,にんじん"
1819,"トマト,卵"
1821,レモン
1822,にんじん
1825,にんじん
1828,大根
1829,にんじん
1830,ピーマン
1836,にんじん
1849,"レモン,大根"
1850,"ピーマン,にんじん,卵"
1855,"牛乳,ブロッコリー,きゅうり"
1862,レモン
1865,にんじん
1866,"きゅうり,にんじん"
1870,にんじん
1871,"ブロッコリー,じゃがいも,にんじん"
1873,"卵,キャベツ,トマト"
1874,"じゃがいも,にんじん"
1877,にんじん
1883,卵
1884,"キャベツ,にんじん"
1888,"卵,かぼちゃ,牛乳"
1889,牛乳
1903,じゃがいも
1906,"ブロッコリー,牛乳"
1909,にんじん
1910,ピーマン
1911,"にんじん,ブロッコリー"
1913,卵
1914,"にんじん,じゃがいも"
1916,"ブロッコリー,にんじん"
1920,キャベツ
1926,にんじん
1929,"にんじん,ピーマン"
1935,"かぼちゃ,にんじん,チーズ"
1942,"大根,にんじん"
1943,きゅうり
1944,"キャベツ,にんじん"
1948,かぼちゃ
1950,"キャベツ,きゅうり"
1952,ピーマン
1954,にんじん
1960,卵
1963,大根
2010,"キャベツ,にんじん"
2011,にんじん
2012,きゅうり
2014,にんじん
2015,"大根,にんじん"
2016,ブロッコリー
2017,"にんじん,きゅうり"
2018,じゃがいも
2019,にんじん
2020,レモン
2022,にんじん
2029,ブロッコリー
2030,にんじん
2033,にんじん
2037,にんじん
2041,大根
2043,トマト
2048,キャベツ
2053,キャベツ
2054,"じゃがいも,にんじん"
2059,じゃがいも
2066,"トマト,にんじん,大根,じゃがいも"
2068,きゅうり
2069,大根
2072,にんじん
2073,"大根,にんじん"
2076,ブロッコリー
2086,卵
2087,ピーマン
2088,きゅうり
2089,大根
2090,にんじん
2091,ブロッコリー
2095,大根
2097,じゃがいも
2099,"卵,牛乳"
2105,ブロッコリー
2107,大根
2110,キャベツ
2111,にんじん
2116,トマト
2122,ブロッコリー
2123,"卵,キャベツ,きゅうり,にんじん"
2125,キャベツ
2127,卵
2128,"きゅうり,かぼちゃ"
2129,にんじん
2130,"にんじん,大根"
2131,きゅうり
2132,"にんじん,ブロッコリー"
2134,"トマト,きゅうり"
2135,キャベツ
2136,卵
2137,"きゅうり,にんじん"
2141,大根
2142,きゅうり
2143,大根
2145,"キャベツ,きゅうり"
2146,"牛乳,かぼちゃ"
2150,"ピーマン,にんじん"
2157,大根
2158,牛乳
2160,ブロッコリー
2161,にんじん
2169,にんじん
2170,トマト
2174,"キャベツ,トマト,レモン"
2176,"ピーマン,ブロッコリー"
2180,"ピーマン,かぼちゃ,にんじん"
2182,"牛乳,ブロッコリー"
2186,大根
2190,にんじん
2208,にんじん
2209,卵
2211,キャベツ
2212,卵
2213,卵
2214,にんじん
2215,かぼちゃ
2219,"にんじん,ピーマン"
2220,にんじん
2222,きゅうり
2223,"にんじん,牛乳"
2224,卵
2225,かぼちゃ
2226,レモン
2240,"卵,にんじん"
2242,にんじん
2243,"にんじん,ピーマン"
2245,ピーマン
2251,"卵,キャベツ,トマト"
2257,ブロッコリー
2259,卵
2260,大根
2264,"じゃがいも,にんじん"
2275,ピーマン
2282,"ピーマン,にんじん"
2293,ブロッコリー
2296,トマト
2304,"じゃがいも,にんじん"
2310,キャベツ
2315,大根
2316,にんじん
2317,"きゅうり,にんじん"
2323,"キャベツ,きゅうり"
2324,卵
2325,"卵,ブロッコリー"
2326,にんじん
2329,キャベツ
2331,じゃがいも
2332,大根
2333,卵
2335,"かぼちゃ,きゅうり"
2345,卵
2348,にんじん
2349,きゅうり
2355,牛乳
2360,大根
2371,大根
2373,トマト
2375,大根
2376,かぼちゃ
2377,トマト
2378,にんじん
2379,にんじん
2380,"ブロッコリー,牛乳"
2382,卵
2383,かぼちゃ
2384,"卵,ブロッコリー"
2386,卵
2387,"ピーマン,にんじん"
2388,"ピーマン,じゃがいも"
2389,ピーマン
2390,"ブロッコリー,にんじん,じゃがいも"
2395,"キャベツ,トマト"
2398,大根
2401,にんじん
2404,卵
2408,卵
2410,"じゃがいも,にんじん,ピーマン,卵"
2411,きゅうり
2413,にんじん
2414,ピーマン
2415,卵
2417,トマト
2421,"かぼちゃ,レモン"
2426,じゃがいも
2428,卵
2430,"ブロッコリー,じゃがいも,牛乳"
2435,レモン
2436,卵
2443,"にんじん,きゅうり"
2445,"キャベツ,にんじん"
2446,"大根,にんじん"
2447,"キャベツ,にんじん"
2448,"ブロッコリー,牛乳"
2454,キャベツ
2455,卵
2463,にんじん
2465,"キャベツ,じゃがいも"
2468,"かぼちゃ,じゃがいも"
2469,牛乳
2473,にんじん
2476,にんじん
2478,にんじん
2484,牛乳
2485,じゃがいも
2487,牛乳
2491,にんじん
2492,レモン
2498,"トマト,きゅうり"
2504,かぼちゃ
2507,にんじん
2508,きゅうり
2514,にんじん
2517,"キャベツ,きゅうり,にんじん"
2522,卵
2533,"ピーマン,卵"
2534,きゅうり
2538,大根
2544,牛乳
2546,にんじん
2551,大根
2553,にんじん
2563,"じゃがいも,牛乳"
2565,卵
2566,大根
2568,キャベツ
2574,"牛乳,ブロッコリー,じゃがいも"
2591,にんじん
2598,卵
2602,にんじん
2603,"大根,にんじん"
2604,大根
2606,ブロッコリー
2611,じゃがいも
2613,"卵,にんじん"
2615,きゅうり
2617,にんじん
2620,きゅうり
2621,にんじん
2624,大根
2627,ブロッコリー
2636,にんじん
2639,"きゅうり,にんじん,大根"
2643,卵
2647,大根
2652,"ブロッコリー,牛乳"
2656,じゃがいも
2658,"ピーマン,にんじん"
2663,じゃがいも
2669,ピーマン
2670,ブロッコリー
2680,"にんじん,きゅうり"
2682,"大根,にんじん"
2683,"にんじん,大根"
2684,"にんじん,大根"
2686,かぼちゃ
2687,ピーマン
2691,にんじん
2693,じゃがいも
2694,"大根,にんじん"
2695,"卵,にんじん"
2698,"卵,にんじん"
2699,卵
2703,にんじん
2705,卵
2706,卵
2707,ピーマン
2708,"じゃがいも,きゅうり"
2713,にんじん
2715,大根
2716,大根
2721,にんじん
2728,"卵,チーズ"
2735,にんじん
2737,卵
2739,大根
2744,にんじん
2745,ピーマン
2747,大根
2751,牛乳
2769,かぼちゃ
2776,ブロッコリー
2781,卵
2788,牛乳
2792,ピーマン
2793,にんじん
2794,牛乳
2797,キャベツ
2801,かぼちゃ
2802,じゃがいも
2803,"にんじん,じゃがいも,牛乳"
2804,"牛乳,じゃがいも"
2807,"大根,にんじん"
2810,"きゅうり,にんじん"
2812,卵
2814,卵
2822,にんじん
2823,にんじん
2824,卵
2826,"大根,にんじん,じゃがいも"
2827,卵
2835,卵
2838,"キャベツ,大根"
2843,卵
2845,にんじん
2846,大根
2848,ブロッコリー
2849,にんじん
2851,"ピーマン,キャベツ"
2855,大根
2857,卵
2860,卵
2867,きゅうり
2871,卵
2873,大根
2874,ブロッコリー
2879,大根
2880,大根
2883,大根
2884,"ピーマン,にんじん"
2889,大根
2890,ブロッコリー
2891,"チーズ,ピーマン"
2902,卵
2906,"大根,にんじん"
2909,"キャベツ,きゅうり"
2917,かぼちゃ
2921,大根
2925,きゅうり
2929,かぼちゃ
2930,キャベツ
2931,トマト
2935,卵
2939,きゅうり
2941,卵
2949,卵
2958,トマト
2962,ピーマン
2973,牛乳
2974,ブロッコリー
2989,ブロッコリー
2992,きゅうり
2995,ピーマン
2997,"にんじん,じゃがいも,牛乳"
3000,卵
3003,"卵,牛乳"
3008,"にんじん,じゃがいも"
3009,卵
3011,かぼちゃ
3017,大根
3019,キャベツ
3021,大根
3025,にんじん
3029,にんじん
3032,"ブロッコリー,トマト"
3035,大根
3039,牛乳
3041,"卵,きゅうり"
3043,牛乳
3046,ピーマン
3048,卵
3049,かぼちゃ
3052,にんじん
3055,"卵,じゃがいも,ブロッコリー"
3056,ピーマン
3057,牛乳
3058,"トマト,にんじん"
3059,ピーマン
3064,にんじん
3066,大根
3073,"かぼちゃ,にんじん"
3075,大根
3079,にんじん
3080,"きゅうり,トマト"
3082,きゅうり
3087,キャベツ
3089,ピーマン
3090,にんじん
3101,卵
3105,"牛乳,かぼちゃ"
3120,かぼちゃ
3122,卵
3124,ブロッコリー
3130,"にんじん,大根"
3132,牛乳
3137,じゃがいも
3138,大根
3140,キャベツ
3141,にんじん
3150,にんじん
3151,牛乳
3152,卵
3155,きゅうり
3159,じゃがいも
3164,かぼちゃ
3165,にんじん
3179,"キャベツ,牛乳"
3180,チーズ
3186,"にんじん,大根"
3193,トマト
3195,"ブロッコリー,にんじん"
3201,卵
3202,大根
3203,"きゅうり,トマト"
3207,牛乳
3208,"じゃがいも,牛乳"
3209,にんじん
3210,にんじん
3213,大根
3217,トマト
3220,"にんじん,牛乳"
3221,トマト
3223,"じゃがいも,牛乳"
3224,"卵,牛乳"
3228,大根
3236,にんじん
3241,大根
3244,卵
3247,"じゃがいも,にんじん,キャベツ"
3248,"大根,にんじん"
3249,卵
3252,にんじん
3254,じゃがいも
3258,大根
3260,にんじん
3266,大根
3268,レモン
3271,きゅうり
3272,卵
3274,ピーマン
3275,"卵,大根"
3276,"ピーマン,にんじん"
3280,トマト
3281,牛乳
3282,卵
3285,卵
3287,ピーマン
3290,"にんじん,卵"
3292,"きゅうり,大根"
3293,"牛乳,牛乳,牛乳"
3294,"牛乳,ブロッコリー"
3297,キャベツ
3298,"大根,にんじん"
3299,牛乳
3300,かぼちゃ
3306,にんじん
3313,ピーマン
3319,"じゃがいも,牛乳"
3321,きゅうり
3325,牛乳
3326,卵
3327,牛乳
3331,"かぼちゃ,にんじん"
3333,にんじん
3336,"キャベツ,卵"
3337,"かぼちゃ,牛乳"
3341,"にんじん,きゅうり"
3349,にんじん
3350,"牛乳,じゃがいも"
3351,キャベツ
3353,牛乳
3358,じゃがいも
3361,牛乳
3364,大根
3370,"トマト,卵"
3372,トマト
3375,にんじん
3376,大根
3393,トマト
3396,"にんじん,牛乳"
3409,卵
3413,牛乳
3418,トマト
3419,キャベツ
3421,じゃがいも
3425,大根
3430,かぼちゃ
3431,チーズ
3438,にんじん
3441,にんじん
3443,キャベツ
3444,卵
3445,ピーマン
3446,"トマト,ブロッコリー"
3447,キャベツ
3448,卵
3451,キャベツ
3456,トマト
3457,"キャベツ,にんじん"
3462,牛乳
3467,キャベツ
3470,卵
3471,にんじん
3472,じゃがいも
3478,"じゃがいも,にんじん,牛乳"
3479,トマト
3482,きゅうり
3483,じゃがいも
3484,トマト
3495,ブロッコリー
3514,キャベツ
3518,トマト
3522,卵
3528,"卵,ピーマン"
3529,牛乳
3542,にんじん
3543,にんじん
3553,牛乳
3557,"キャベツ,にんじん"
3558,"トマト,大根"
3562,卵
3565,じゃがいも
3567,大根
3570,卵
3573,キャベツ
3574,"じゃがいも,にんじん"
3575,"じゃがいも,にんじん"
3576,キャベツ
3584,にんじん
3587,キャベツ
3589,牛乳
3591,ピーマン
3592,ブロッコリー
3594,卵
3596,"じゃがいも,にんじん"
3598,"ブロッコリー,きゅうり"
3603,かぼちゃ
3606,にんじん
3607,大根
3608,ピーマン
3610,卵
3611,"キャベツ,きゅうり"
3614,"ピーマン,キャベツ"
3617,トマト
3618,ブロッコリー
3620,大根
3622,大根
3624,レモン
3629,大根
3635,"ブロッコリー,卵"
3637,ピーマン
3639,ブロッコリー
3650,トマト
3655,トマト
3664,大根
3666,じゃがいも
3667,"ピーマン,牛乳"
3670,卵
3673,にんじん
3674,"キャベツ,牛乳"
3677,牛乳
3678,卵
3683,キャベツ
3685,キャベツ
3688,ブロッコリー
3689,きゅうり
3693,"にんじん,卵"
3697,卵
3699,卵
3700,大根
3712,卵
3713,"大根,キャベツ"
3717,にんじん
3718,大根
3721,トマト
3723,ピーマン
3724,"卵,牛乳"
3727,牛乳
3728,牛乳
3729,卵
3733,卵
3735,"トマト,ピーマン"
3738,ピーマン
3746,大根
3751,卵
3759,トマト
3764,にんじん
3765,きゅうり
3768,にんじん
3770,トマト
3771,"卵,にんじん"
3772,レモン
3786,にんじん
3790,牛乳
3792,じゃがいも
3795,卵
3797,"大根,にんじん"
3799,"じゃがいも,大根,にんじん,牛乳"
3800,"ピーマン,トマト"
3801,卵
3806,ピーマン
3815,トマト
3816,卵
3824,卵
3825,"にんじん,大根"
3831,"じゃがいも,牛乳"
3834,卵
3836,じゃがいも
3838,ブロッコリー
3846,トマト
3848,かぼちゃ
3852,キャベツ
3854,ブロッコリー
3858,トマト
3863,大根
3864,ピーマン
3865,キャベツ
3866,"キャベツ,にんじん"
3867,卵
3872,にんじん
3874,卵
3881,"卵,牛乳"
3882,にんじん
3885,大根
3900,卵
3905,きゅうり
3907,卵
3910,にんじん
3913,"卵,牛乳"
3915,じゃがいも
3920,キャベツ
3922,"キャベツ,ピーマン"
3924,ピーマン
3930,にんじん
3931,牛乳
3933,"大根,牛乳"
3934,にんじん
3939,ピーマン
3947,大根
3951,卵
3956,にんじん
3959,トマト
3963,じゃがいも
3965,牛乳
3967,トマト
3969,"じゃがいも,ブロッコリー,トマト"
3970,"かぼちゃ,ピーマン"
3971,牛乳
3972,"ピーマン,トマト,レモン"
3974,卵
3979,卵
3980,大根
3983,"じゃがいも,にんじん"
3992,ピーマン
4002,牛乳
4009,牛乳
4011,卵
4012,大根
4013,キャベツ
4014,トマト
4015,きゅうり
4021,大根
4023,にんじん
4025,キャベツ
4028,卵
4030,"じゃがいも,卵"
4031,きゅうり
4034,"大根,にんじん"
4035,きゅうり
4039,トマト
4042,トマト
4043,じゃがいも
4050,トマト
4051,"にんじん,じゃがいも"
4055,にんじん
4058,トマト
4062,卵
4064,"にんじん,ピーマン"
4069,大根
4072,"じゃがいも,牛乳"
4076,じゃがいも
4077,卵
4078,ピーマン
4079,じゃがいも
4082,卵
4083,卵
4084,トマト
4090,大根
4094,トマト
4098,大根
4100,"にんじん,ピーマン"
4111,トマト
4114,トマト
4115,にんじん
4117,牛乳
4118,きゅうり
4121,"ピーマン,トマト"
4124,かぼちゃ
4125,きゅうり
4129,卵
4130,"かぼちゃ,牛乳"
4133,大根
4134,キャベツ
4142,きゅうり
4145,"じゃがいも,ブロッコリー"
4146,にんじん
4157,トマト
4163,キャベツ
4167,ピーマン
4169,きゅうり
4170,キャベツ
4174,ピーマン
4188,トマト
4192,卵
4194,"にんじん,ピーマン"
4195,レモン
4201,大根
4205,キャベツ
4213,かぼちゃ
4215,トマト
4219,牛乳
4223,にんじん
4234,ブロッコリー
4235,にんじん
4237,にんじん
4239,にんじん
4242,大根
4247,きゅうり
4249,かぼちゃ
4250,かぼちゃ
4256,ピーマン
4258,"キャベツ,にんじん"
4259,ブロッコリー
4260,トマト
4261,"ピーマン,にんじん,ブロッコリー"
4262,ピーマン
4263,卵
4265,ピーマン
4267,"ピーマン,ブロッコリー"
4269,レモン
4270,"にんじん,トマト"
4271,牛乳
4276,トマト
4278,レモン
4279,卵
4281,"卵,牛乳"
4289,にんじん
4299,にんじん
4305,卵
4312,かぼちゃ
4314,かぼちゃ
4320,大根
4323,ピーマン
4325,牛乳
4327,トマト
4329,にんじん
4331,トマト
4333,ピーマン
4334,牛乳
4335,牛乳
4343,キャベツ
4344,かぼちゃ
4360,卵
4364,トマト
4368,ピーマン
4369,じゃがいも
4377,"ピーマン,にんじん"
4379,キャベツ
4380,ピーマン
4382,ブロッコリー
4383,"トマト,卵"
4384,"キャベツ,にんじん"
4395,卵
4399,トマト
4401,"卵,牛乳,かぼちゃ"
4402,"牛乳,にんじん"
4404,卵
4405,卵
4406,"大根,きゅうり,にんじん"
4410,"卵,トマト,ブロッコリー"
4411,キャベツ
4418,トマト
4420,"トマト,きゅうり"
4422,にんじん
4427,"キャベツ,ピーマン,にんじん"
4432,"きゅうり,トマト"
4433,きゅうり
4435,トマト
4436,卵
4438,大根
4440,"キャベツ,レモン"
4441,レモン
4451,トマト
4455,卵
4458,にんじん
4459,ブロッコリー
4460,"キャベツ,きゅうり"
4473,トマト
4478,"かぼちゃ,じゃがいも"
4479,"にんじん,じゃがいも"
4482,トマト
4485,"かぼちゃ,ブロッコリー,じゃがいも"
4488,トマト
4489,トマト
4494,きゅうり
4497,トマト
4501,じゃがいも
4503,"トマト,ピーマン"
4505,にんじん
4507,"牛乳,じゃがいも"
4508,きゅうり
4513,卵
4514,ブロッコリー
4521,チーズ
4526,かぼちゃ
4527,ブロッコリー
4528,じゃがいも
4529,ピーマン
4533,大根
4534,じゃがいも
4540,"トマト,卵"
4542,牛乳
4544,"トマト,じゃがいも"
4550,大根
4551,トマト
4554,卵
4555,牛乳
4556,卵
4560,大根
4563,牛乳
4566,ピーマン
4571,大根
4575,レモン
4577,"トマト,卵"
4578,"きゅうり,にんじん"
4582,"トマト,ピーマン"
4585,"ピーマン,かぼちゃ"
4586,"きゅうり,トマト"
4588,"にんじん,かぼちゃ,トマト,ブロッコリー"
4590,牛乳
4593,にんじん
4598,"きゅうり,トマト"
4599,にんじん
4600,かぼちゃ
4602,"にんじん,じゃがいも"
4610,にんじん
4617,"ピーマン,にんじん"
4618,ブロッコリー
4622,にんじん
4623,"にんじん,大根"
4624,"かぼちゃ,卵"
4629,レモン
4631,ピーマン
4632,キャベツ
4635,トマト
4636,かぼちゃ
4638,にんじん
4639,ピーマン
4644,きゅうり
4647,牛乳
4650,"ピーマン,にんじん"
4652,牛乳
4653,キャベツ
4658,卵
4660,キャベツ
4662,"キャベツ,にんじん"
4675,キャベツ
4678,牛乳
4686,じゃがいも
4689,レモン
4691,きゅうり
4696,"かぼちゃ,ピーマン"
4697,卵
4699,にんじん
4705,にんじん
4708,卵
4712,レモン
4715,"かぼちゃ,トマト"
4718,牛乳
4723,チーズ
4729,卵
4734,きゅうり
4740,トマト
4742,"ピーマン,卵,にんじん"
4743,キャベツ
4744,牛乳
4745,きゅうり
4757,"にんじん,かぼちゃ,ピーマン"
4759,卵
4768,"レモン,にんじん"
4776,ブロッコリー
4797,トマト
4798,牛乳
4799,キャベツ
4808,トマト
4809,トマト
4810,トマト
4813,じゃがいも
4814,卵
4822,牛乳
4832,トマト
4853,卵
4858,卵
4860,にんじん
4861,にんじん
4862,"トマト,チーズ,ピーマン"
4863,"キャベツ,ピーマン"
4870,トマト
4871,"ピーマン,にんじん"
4874,きゅうり
4879,トマト
4881,"トマト,きゅうり"
4882,"卵,キャベツ"
4884,トマト
4895,"にんじん,ブロッコリー"
4903,じゃがいも
4908,キャベツ
4910,じゃがいも
4912,ブロッコリー
4920,トマト
4932,"卵,トマト"
4935,キャベツ
4943,きゅうり
4945,卵
4953,"かぼちゃ,ブロッコリー"
4954,ピーマン
4958,キャベツ
4961,"ブロッコリー,トマト"
4965,じゃがいも
4968,ブロッコリー
4969,きゅうり
4970,かぼちゃ
4971,じゃがいも
4974,レモン
4986,レモン
4987,"大根,かぼちゃ"
4989,牛乳
4990,"キャベツ,大根"
4991,じゃがいも
4995,トマト
4998,卵
5005,きゅうり
5008,じゃがいも
5010,トマト
5012,大根
5019,牛乳
5021,"トマト,きゅうり"
5044,ピーマン
5054,じゃがいも
5055,"卵,牛乳"
5072,にんじん
5076,キャベツ
5082,"にんじん,大根"
5097,"大根,にんじん"
5100,"卵,トマト"
5116,牛乳
5119,ピーマン
5120,にんじん
5121,にんじん
5127,"かぼちゃ,牛乳"
5130,トマト
5132,きゅうり
5136,じゃがいも
5140,にんじん
5144,キャベツ
5148,にんじん
5152,じゃがいも
5154,トマト
5158,キャベツ
5159,大根
5161,牛乳
5164,"キャベツ,にんじん"
5165,じゃがいも
5177,"きゅうり,にんじん,トマト"
5178,きゅうり
5180,きゅうり
5191,ブロッコリー
5202,にんじん
5204,"トマト,卵"
5207,トマト
5219,ブロッコリー
5223,"キャベツ,トマト"
5224,"キャベツ,ピーマン"
5225,にんじん
5231,"じゃがいも,ブロッコリー,牛乳"
5236,きゅうり
5243,牛乳
5251,卵
5255,"にんじん,ブロッコリー,キャベツ"
5258,"卵,牛乳"
5259,"じゃがいも,牛乳"
5260,卵
5264,卵
5267,"卵,牛乳"
5272,大根
5276,かぼちゃ
5282,"卵,牛乳"
5288,"じゃがいも,にんじん"
5289,牛乳
5296,"キャベツ,レモン"
5297,卵
5304,ピーマン
5310,"大根,レモン"
5314,ブロッコリー
5320,大根
5326,ピーマン
5334,きゅうり
5335,キャベツ
5336,かぼちゃ
5339,大根
5350,"じゃがいも,大根,にんじん"
5359,卵
5363,ブロッコリー
5383,"卵,牛乳"
5384,きゅうり
5400,卵
5401,トマト
5406,卵
5412,"きゅうり,トマト"
5423,ブロッコリー
5424,"かぼちゃ,ブロッコリー"
5426,にんじん
5427,"にんじん,牛乳"
5429,きゅうり
5432,にんじん
5435,卵
5446,キャベツ
5449,大根
5452,卵
5455,"卵,きゅうり,にんじん,トマト"
5457,卵
5458,卵
5459,キャベツ
5460,トマト
5461,じゃがいも
5462,トマト
5468,大根
5480,じゃがいも
5483,"にんじん,ピーマン"
5485,きゅうり
5486,"ブロッコリー,かぼちゃ"
5487,"卵,にんじん"
5492,じゃがいも
5497,きゅうり
5501,にんじん
5504,トマト
5507,大根
5509,大根
5510,大根
5522,ピーマン
5530,ピーマン
5533,"卵,牛乳"
5538,大根
5543,"大根,きゅうり,にんじん"
5547,卵
5548,牛乳
5551,"大根,にんじん"
5555,ブロッコリー
5557,トマト
5559,大根
5560,大根
5567,かぼちゃ
5572,にんじん
5573,大根
5581,にんじん
5586,"卵,牛乳"
5587,トマト
5596,"牛乳,ブロッコリー,卵"
5605,にんじん
5613,きゅうり
5618,"卵,じゃがいも,キャベツ"
5619,ピーマン
5621,大根
5623,牛乳
5625,卵
5630,大根
5632,大根
5637,"じゃがいも,にんじん,チーズ"
5643,じゃがいも
5645,牛乳
5652,卵
5659,牛乳
5660,牛乳
5661,にんじん
5662,"キャベツ,にんじん"
5665,ブロッコリー
5666,キャベツ
5667,牛乳
5669,大根
5677,大根
5678,トマト
5680,大根
5682,きゅうり
5683,じゃがいも
5686,"かぼちゃ,牛乳"
5689,キャベツ
5692,牛乳
5694,チーズ
5708,"かぼちゃ,きゅうり"
5711,レモン
5712,大根
5714,大根
5715,レモン
5724,トマト
5725,"にんじん,ピーマン"
5726,卵
5729,きゅうり
5731,にんじん
5734,"卵,牛乳"
5735,"キャベツ,卵"
5737,キャベツ
5740,牛乳
5746,"じゃがいも,きゅうり"
5748,ピーマン
5751,にんじん
5755,にんじん
5757,大根
5758,じゃがいも
5759,牛乳
5760,"かぼちゃ,牛乳"
5768,"牛乳,キャベツ"
5774,大根
5780,にんじん
5787,にんじん
5790,"かぼちゃ,トマト,にんじん,キャベツ"
5791,卵
5795,にんじん
5797,"じゃがいも,にんじん,ブロッコリー"
5799,牛乳
5803,牛乳
5805,にんじん
5816,にんじん
5821,"大根,キャベツ"
5827,レモン
5832,"じゃがいも,ブロッコリー"
5833,"にんじん,きゅうり"
5835,かぼちゃ
5839,"にんじん,キャベツ"
5840,にんじん
5842,にんじん
5844,にんじん
5848,"にんじん,大根"
5851,"じゃがいも,キャベツ,にんじん"
5853,にんじん
5862,ブロッコリー
5869,じゃがいも
5875,キャベツ
5876,"じゃがいも,にんじん"
5890,トマト
5896,"トマト,卵"
5897,卵
5898,ブロッコリー
5899,にんじん
5904,卵
5905,かぼちゃ
5907,"にんじん,ブロッコリー,キャベツ"
5912,ブロッコリー
5918,キャベツ
5921,"ブロッコリー,かぼちゃ"
5924,にんじん
5938,"にんじん,ピーマン"
5939,牛乳
5943,卵
5945,"ピーマン,卵"
5946,にんじん
5951,"大根,にんじん"
5955,牛乳
5958,にんじん
5961,にんじん
5963,"じゃがいも,にんじん,ブロッコリー,牛乳"
5967,卵
5980,じゃがいも
5981,大根
5983,"大根,にんじん"
5997,ブロッコリー
6004,ピーマン
6005,にんじん
6010,ブロッコリー
6011,"キャベツ,にんじん,きゅうり"
6012,にんじん
6013,にんじん
6015,きゅうり
6020,卵
6027,卵
6034,"きゅうり,にんじん"
6037,ブロッコリー
6038,にんじん
6039,"にんじん,じゃがいも,キャベツ"
6042,"大根,にんじん"
6043,"にんじん,じゃがいも,ブロッコリー"
6045,"きゅうり,にんじん"
6049,にんじん
6050,"きゅうり,キャベツ"
6052,"大根,にんじん,ピーマン,トマト"
6053,卵
6054,卵
6060,にんじん
6061,トマト
6064,"かぼちゃ,にんじん,大根"
6067,卵
6068,ピーマン
6073,にんじん
6075,卵
6076,にんじん
6077,にんじん
6080,じゃがいも
6088,キャベツ
6092,ピーマン
6093,ブロッコリー
6097,"かぼちゃ,きゅうり"
6105,トマト
6109,大根
6110,きゅうり
6111,ブロッコリー
6112,ブロッコリー
6113,キャベツ
6115,大根
6118,大根
6122,"大根,にんじん,キャベツ,卵"
6126,"レモン,きゅうり"
6129,キャベツ
6130,ブロッコリー
6139,にんじん
6141,にんじん
6144,"ピーマン,キャベツ"
6149,卵
6151,"じゃがいも,牛乳,卵"
6156,キャベツ
6159,"ブロッコリー,じゃがいも"
6160,"キャベツ,にんじん,ピーマン"
6162,牛乳
6164,大根
6165,大根
6166,きゅうり
6170,トマト
6172,卵
6174,ブロッコリー
6177,"大根,にんじん"
6178,"卵,きゅうり"
6183,じゃがいも
6185,"大根,にんじん"
6190,牛乳
6192,"にんじん,きゅうり"
6202,"キャベツ,にんじん,牛乳"
6205,レモン
6206,卵
6208,ピーマン
6233,にんじん
6235,大根
6239,卵
6240,牛乳
6248,大根
6249,卵
6250,にんじん
6256,キャベツ
6282,"じゃがいも,きゅうり"
6283,にんじん
6292,きゅうり
6296,にんじん
6298,かぼちゃ
6299,にんじん
6304,"ブロッコリー,にんじん,牛乳"
6305,トマト
6307,トマト
6315,レモン
6364,きゅうり
6372,"キャベツ,にんじん"
6390,にんじん
6395,牛乳
6410,"卵,大根"
6427,牛乳
6430,"キャベツ,トマト"
6431,レモン
6432,"きゅうり,トマト,卵,牛乳"
6437,トマト
6440,卵
6442,きゅうり
6445,"牛乳,じゃがいも,にんじん"
6449,"大根,卵"
6452,キャベツ
6455,牛乳
6459,キャベツ
6460,キャベツ
6462,じゃがいも
6473,"牛乳,ブロッコリー"
6475,じゃがいも
6476,ブロッコリー
6481,キャベツ
6494,レモン
6498,"ピーマン,トマト"
6503,トマト
6506,"じゃがいも,牛乳"
6509,にんじん
6511,"にんじん,じゃがいも"
6512,牛乳
6517,トマト
6558,大根
6572,"大根,にんじん"
6573,ブロッコリー
6578,キャベツ
6581,トマト
6583,じゃがいも
6598,キャベツ
6599,ピーマン
6600,"かぼちゃ,牛乳"
6613,キャベツ
6623,にんじん
6625,"キャベツ,にんじん"
6627,"ブロッコリー,じゃがいも"
6630,にんじん
6634,にんじん
6635,牛乳
6636,"キャベツ,卵"
6638,大根
6640,にんじん
6642,じゃがいも
6648,大根
6653,トマト
6660,卵
6668,トマト
6682,ピーマン
6685,"トマト,卵"
6699,にんじん
6701,ブロッコリー
6705,レモン
6706,大根
6707,トマト
6711,にんじん
6712,にんじん
6713,ブロッコリー
6715,にんじん
6716,にんじん
6718,トマト
6720,ブロッコリー
6725,じゃがいも
6726,レモン
6727,キャベツ
6729,"キャベツ,にんじん"
6737,"ピーマン,にんじん,チーズ,卵"
6746,卵
6748,レモン
6773,大根
6786,卵
6789,にんじん
6790,にんじん
6797,卵
6801,にんじん
6803,牛乳
6804,きゅうり
6805,卵
6806,トマト
6810,牛乳
6814,牛乳
6844,にんじん
6846,卵
6847,卵
6848,にんじん
6855,卵
6858,ブロッコリー
6863,トマト
6867,にんじん
6868,卵
6878,ピーマン
6886,"大根,キャベツ"
6889,じゃがいも
6904,トマト
6907,"にんじん,きゅうり"
6914,ブロッコリー
6915,大根
6921,大根
6929,きゅうり
6938,レモン
6939,卵
6944,"キャベツ,牛乳"
6963,トマト
6985,卵
6986,キャベツ
6993,トマト
7009,にんじん
7010,牛乳
7012,キャベツ
7015,にんじん
7016,ピーマン
7023,にんじん
7026,にんじん
7027,"きゅうり,トマト"
7034,大根
7045,にんじん
7052,キャベツ
7058,きゅうり
7062,キャベツ
7063,トマト
7066,トマト
7084,ピーマン
7085,"かぼちゃ,きゅうり"
7091,トマト
7093,"ブロッコリー,じゃがいも"
7094,キャベツ
7095,卵
7101,レモン
7115,"じゃがいも,にんじん,ブロッコリー"
7125,じゃがいも
7130,"キャベツ,卵"
7134,キャベツ
7135,卵
7139,にんじん
7142,"キャベツ,キャベツ"
7143,"トマト,きゅうり"
7147,じゃがいも
7156,じゃがいも
7160,キャベツ
7162,卵
7163,"卵,キャベツ"
7167,きゅうり
7170,卵
7172,ピーマン
7174,キャベツ
7179,にんじん
7198,卵
7207,にんじん
7226,にんじん
7233,ピーマン
7234,"にんじん,ピーマン"
7239,トマト
7243,"キャベツ,にんじん"
7248,かぼちゃ
7258,卵
7260,きゅうり
7262,にんじん
7263,"きゅうり,大根"
7264,きゅうり
7268,じゃがいも
7275,トマト
7276,"ピーマン,卵"
7279,トマト
7280,"きゅうり,にんじん,大根"
7291,大根
7293,"トマト,きゅうり"
7297,レモン
7298,ブロッコリー
7301,トマト
7302,"じゃがいも,トマト"
7303,"ピーマン,トマト"
7304,ピーマン
7306,かぼちゃ
7310,かぼちゃ
7312,きゅうり
7315,じゃがいも
7317,"卵,牛乳,じゃがいも,チーズ"
7318,トマト
7319,"トマト,きゅうり,にんじん"
7321,きゅうり
7322,"ブロッコリー,じゃがいも"
7323,にんじん
7326,にんじん
7327,大根
7328,大根
7332,卵
7335,かぼちゃ
7341,ピーマン
7349,卵
7355,きゅうり
7358,じゃがいも
7360,にんじん
7361,トマト
7363,"じゃがいも,にんじん"
7378,牛乳
7383,レモン
7398,大根
7400,"卵,ブロッコリー"
7409,ブロッコリー
7411,"トマト,卵"
7412,じゃがいも
7440,"卵,牛乳"
7441,"ピーマン,にんじん"
7446,かぼちゃ
7452,"卵,トマト"
7465,卵
7468,じゃがいも
7469,にんじん
7475,"じゃがいも,にんじん"
7476,にんじん
7477,きゅうり
7478,トマト
7481,キャベツ
7503,トマト
7512,きゅうり
7518,にんじん
7534,"にんじん,ピーマン"
7625,"トマト,ブロッコリー"
7628,大根
7641,トマト
7647,"卵,きゅうり"
7651,牛乳
7655,"きゅうり,トマト"
7676,かぼちゃ
7678,きゅうり
7679,きゅうり
7681,キャベツ
7687,きゅうり
7696,"トマト,きゅうり"
7697,きゅうり
7698,きゅうり
7710,牛乳
7713,トマト
7724,キャベツ
7733,かぼちゃ
7738,トマト
7753,にんじん
7759,かぼちゃ
7764,トマト
7765,大根
7769,"卵,キャベツ,にんじん"
7773,"キャベツ,じゃがいも"
7777,"じゃがいも,キャベツ"
7778,大根
7779,"キャベツ,じゃがいも"
7781,大根
7782,"じゃがいも,ブロッコリー"
7783,にんじん
7786,"大根,にんじん"
7788,大根
7789,"キャベツ,にんじん"
7790,にんじん
7792,"かぼちゃ,牛乳,キャベツ,じゃがいも"
7793,にんじん
7801,キャベツ
7802,にんじん
7804,"じゃがいも,にんじん"
7809,卵
7811,トマト
7820,卵
7821,"じゃがいも,牛乳"
7825,かぼちゃ
7834,にんじん
7842,トマト
7847,"キャベツ,卵"
7864,トマト
7865,大根
7873,キャベツ
7885,かぼちゃ
7889,卵
7890,"きゅうり,にんじん"
7891,"ピーマン,じゃがいも"
7892,卵
7893,キャベツ
7896,トマト
7898,きゅうり
7901,大根
7903,"キャベツ,じゃがいも,牛乳"
7905,にんじん
7922,にんじん
7924,"大根,にんじん"
7926,じゃがいも
7927,じゃがいも
7928,にんじん
7929,大根
7931,大根
7932,にんじん
7933,"にんじん,大根"
7934,"にんじん,大根"
7939,"にんじん,卵"
7948,大根
7952,かぼちゃ
7957,"大根,にんじん"
7962,大根
7963,にんじん
7964,キャベツ
7965,ブロッコリー
7966,"キャベツ,牛乳,じゃがいも"
7967,"キャベツ,ブロッコリー,にんじん,じゃがいも"
7970,"キャベツ,ピーマン"
7975,"キャベツ,卵"
7979,じゃがいも
7993,じゃがいも
8002,卵
8006,にんじん
8008,"じゃがいも,ブロッコリー"
8012,牛乳
8014,キャベツ
8015,かぼちゃ
8020,大根
8022,にんじん
8032,卵
8034,ピーマン
8036,"トマト,卵"
8049,"大根,にんじん"
8054,卵
8063,"ブロッコリー,じゃがいも"
8064,じゃがいも
8071,牛乳
8072,大根
8079,トマト
8080,"ブロッコリー,じゃがいも"
8087,大根
8091,"にんじん,きゅうり"
8093,"ブロッコリー,にんじん"
8116,ピーマン
8117,卵
8129,"レモン,ブロッコリー"
8133,卵
8135,キャベツ
8136,大根
8148,大根
8149,"じゃがいも,ブロッコリー,卵"
8153,"にんじん,きゅうり"
8157,牛乳
8158,牛乳
8173,かぼちゃ
8176,ブロッコリー
8177,トマト
8181,ピーマン
8196,トマト
8205,ブロッコリー
8212,かぼちゃ
8214,ブロッコリー
8220,かぼちゃ
8241,ピーマン
8242,卵
8254,にんじん
8259,牛乳
8271,トマト
8276,きゅうり
8317,にんじん
8345,"にんじん,ピーマン"
8371,"にんじん,牛乳"
8374,"卵,じゃがいも,キャベツ,トマト,卵"
8375,"キャベツ,大根,にんじん"
8376,にんじん
8379,"きゅうり,ピーマン"
8420,ブロッコリー
8426,卵
8441,トマト
8444,ブロッコリー
8456,"ブロッコリー,牛乳"
8457,にんじん
8479,にんじん
8485,ピーマン
8488,卵
8489,じゃがいも
8497,"大根,にんじん"
8502,にんじん
8503,大根
8507,ピーマン
8508,かぼちゃ
8520,"トマト,レモン"
8549,"大根,トマト"
8552,トマト
8553,大根
8561,トマト
8562,大根
8599,かぼちゃ
8603,ブロッコリー
8607,大根
8613,"大根,キャベツ"
8614,キャベツ
8630,チーズ
8651,にんじん
8654,ピーマン
8659,トマト
8661,"キャベツ,にんじん,きゅうり,トマト"
8664,大根
8679,"牛乳,じゃがいも"
8687,トマト
8726,レモン
8727,じゃがいも
8733,きゅうり
8740,ブロッコリー
8742,にんじん
8744,大根
8748,きゅうり
8754,ブロッコリー
8763,牛乳
8767,大根
8771,じゃがいも
8779,牛乳
8782,にんじん
8784,かぼちゃ
8787,キャベツ
8794,にんじん
8802,"にんじん,ピーマン"
8813,"じゃがいも,卵"
8815,"かぼちゃ,ブロッコリー"
8825,きゅうり
8827,トマト
8828,きゅうり
8841,大根
8846,にんじん
8848,トマト
8854,"にんじん,卵"
8863,ブロッコリー
8879,キャベツ
8906,キャベツ
8908,"じゃがいも,にんじん"
8911,ピーマン
8912,大根
8915,"キャベツ,にんじん"
8919,"にんじん,ピーマン"
8921,"キャベツ,にんじん,卵"
8926,キャベツ
8930,大根
8931,トマト
8934,大根
8937,"トマト,きゅうり"
8939,大根
8943,ピーマン
8955,ブロッコリー
8957,キャベツ
8962,ピーマン
8964,大根
8966,キャベツ
8971,"ブロッコリー,にんじん"
8981,大根
8988,レモン
8989,"じゃがいも,にんじん"
8993,トマト
8994,"大根,にんじん"
8995,ピーマン
8996,大根
8997,牛乳
9001,牛乳
9002,ブロッコリー
9010,レモン
9013,大根
9022,"キャベツ,ピーマン"
9023,ピーマン
9024,"大根,にんじん,じゃがいも"
9028,ピーマン
9029,ピーマン
9032,にんじん
9034,にんじん
9044,"にんじん,きゅうり"
9045,卵
9048,大根
9049,キャベツ
9057,ピーマン
9061,"キャベツ,トマト"
9067,トマト
9076,じゃがいも
9078,"トマト,卵"
9080,"ピーマン,にんじん"
9084,レモン
9089,じゃがいも
9098,にんじん
9099,にんじん
9102,にんじん
9103,にんじん
9106,トマト
9108,じゃがいも
9109,ブロッコリー
9111,トマト
9115,"にんじん,卵"
9119,にんじん
9120,トマト
9125,トマト
9129,レモン
9132,大根
9139,大根
9140,にんじん
9143,牛乳
9149,ピーマン
9150,牛乳
9156,キャベツ
9158,大根
9160,にんじん
9161,じゃがいも
9176,キャベツ
9177,トマト
9180,"大根,にんじん"
9185,じゃがいも
9188,トマト
9190,キャベツ
9191,ブロッコリー
9192,にんじん
9198,"大根,にんじん"
9199,じゃがいも
9201,"にんじん,ピーマン"
9204,"大根,にんじん"
9206,きゅうり
9207,ブロッコリー
9209,じゃがいも
9216,"じゃがいも,ピーマン"
9218,トマト
9219,大根
9222,ブロッコリー
9228,"キャベツ,にんじん"
9229,大根
9233,キャベツ
9234,"トマト,キャベツ"
9237,にんじん
9238,ブロッコリー
9240,にんじん
9241,ピーマン
9249,大根
9254,にんじん
9262,かぼちゃ
9265,牛乳
9267,じゃがいも
9268,にんじん
9273,にんじん
9274,卵
9279,にんじん
9280,ブロッコリー
9286,"牛乳,卵"
9294,"大根,にんじん"
9296,キャベツ
9302,にんじん
9305,ブロッコリー
9306,じゃがいも
9308,レモン
9311,大根
9312,大根
9315,"ブロッコリー,トマト"
9320,大根
9323,"トマト,レモン"
9324,"キャベツ,卵"
9332,大根
9333,キャベツ
9344,"にんじん,ピーマン"
9349,きゅうり
9356,トマト
9357,じゃがいも
9373,"レモン,ブロッコリー"
9375,きゅうり
9379,ブロッコリー
9380,にんじん
9382,卵
9397,"きゅうり,トマト"
9404,"にんじん,卵"
9408,じゃがいも
9416,キャベツ
9435,"トマト,卵"
9437,かぼちゃ
9447,にんじん
9449,卵
9468,牛乳
9485,きゅうり
9488,キャベツ
9491,にんじん
9494,じゃがいも
9496,トマト
9500,牛乳
9501,じゃがいも
9507,大根
9508,ピーマン
9519,トマト
9527,"ブロッコリー,牛乳"
9528,ブロッコリー
9529,にんじん
9534,にんじん
9551,きゅうり
9556,"かぼちゃ,牛乳"
9557,トマト
9567,にんじん
9570,にんじん
9572,卵
9579,トマト
9599,にんじん
9602,きゅうり
9606,キャベツ
9621,"にんじん,キャベツ,卵"
9622,"じゃがいも,ブロッコリー"
9638,"キャベツ,にんじん"
9642,にんじん
9655,大根
9658,大根
9666,キャベツ
9668,じゃがいも
9678,きゅうり
9686,レモン
9693,キャベツ
9697,じゃがいも
9705,トマト
9709,ブロッコリー
9713,にんじん
9715,キャベツ
9719,大根
9731,かぼちゃ
9733,卵
9752,トマト
9758,にんじん
9764,きゅうり
9767,牛乳
9769,ブロッコリー
9770,"キャベツ,レモン"
9772,レモン
9773,トマト
9783,ピーマン
9788,卵
9793,きゅうり
9797,トマト
9799,ピーマン
9800,"卵,トマト"
9802,"じゃがいも,きゅうり"
9804,"じゃがいも,レモン"
9805,"トマト,きゅうり"
9815,卵
9817,きゅうり
9819,キャベツ
9824,レモン
9831,大根
9833,かぼちゃ
9836,ブロッコリー
9845,じゃがいも
9848,牛乳
9849,にんじん
9852,きゅうり
9858,にんじん
9865,きゅうり
9883,じゃがいも
9889,大根
9890,トマト
9893,"キャベツ,卵"
9897,トマト
9898,ブロッコリー
9906,じゃがいも
9910,卵
9912,トマト
9916,キャベツ
9922,牛乳
9923,牛乳
9925,ピーマン
9931,トマト
9932,牛乳
9938,卵
9942,ピーマン
9943,卵
9945,"きゅうり,トマト"
9954,にんじん
9962,かぼちゃ
9963,ピーマン
9964,卵
9967,きゅうり
9968,"ピーマン,にんじん"
9975,きゅうり
9980,きゅうり
9999,卵
10003,ブロッコリー
10006,にんじん
10009,じゃがいも
10010,大根
10017,ピーマン
10018,きゅうり
10026,にんじん
10028,トマト
10030,牛乳
10037,牛乳
10040,かぼちゃ
10042,ブロッコリー
10052,大根
10059,トマト
10060,"トマト,ピーマン"
10062,大根
10067,牛乳
10068,きゅうり
10072,レモン
10073,キャベツ
10074,"トマト,大根"
10078,大根
10082,卵
10088,大根
10098,きゅうり
10101,にんじん
10111,キャベツ
10124,ピーマン
10126,レモン
10128,かぼちゃ
10132,卵
10143,大根
10146,キャベツ
10148,"卵,大根"
10149,かぼちゃ
10150,牛乳
10160,トマト
10161,レモン
10176,ピーマン
10177,"じゃがいも,にんじん"
10183,"トマト,きゅうり"
10184,きゅうり
10185,にんじん
10192,ブロッコリー
10193,きゅうり
10195,ブロッコリー
10196,大根
10198,かぼちゃ
10201,卵
10204,"卵,大根"
10206,卵
10207,ピーマン
10211,牛乳
10221,"にんじん,かぼちゃ"
10232,にんじん
10236,卵
10239,ブロッコリー
10245,ブロッコリー
10250,じゃがいも
10251,トマト
10252,キャベツ
10272,にんじん
10274,"にんじん,ピーマン"
10276,"キャベツ,ピーマン"
10278,大根
10306,キャベツ
10309,牛乳
10311,"じゃがいも,にんじん,キャベツ"
10319,大根
10337,"にんじん,きゅうり,ブロッコリー"
10353,トマト
10354,にんじん
10357,大根
10360,"ブロッコリー,牛乳"
10371,"卵,きゅうり"
10372,きゅうり
10383,にんじん
10388,"キャベツ,卵"
10389,トマト
10394,大根
10399,じゃがいも
10408,ピーマン
10409,ブロッコリー
10432,牛乳
10486,"じゃがいも,にんじん,牛乳"
10522,"大根,にんじん"
10544,"キャベツ,卵"
10571,トマト
10577,大根
10589,きゅうり
10591,かぼちゃ
10592,"ピーマン,にんじん"
10597,ピーマン
10602,"トマト,きゅうり"
10607,トマト
10611,"じゃがいも,ブロッコリー"
10623,にんじん
10631,"ブロッコリー,にんじん"
10632,にんじん
10638,ブロッコリー
10640,トマト
10645,大根
10647,"じゃがいも,牛乳"
10649,"にんじん,にんじん"
10651,"キャベツ,にんじん"
10652,大根
10670,卵
10671,ブロッコリー
10672,トマト
10675,卵
10676,ブロッコリー
10681,"キャベツ,卵"
10685,"じゃがいも,ブロッコリー"
10690,じゃがいも
10693,ピーマン
10696,"じゃがいも,レモン"
10697,トマト
10698,"じゃがいも,牛乳"
10707,かぼちゃ
10708,大根
10709,ブロッコリー
10710,キャベツ
10714,卵
10722,"じゃがいも,きゅうり"
10723,トマト
10730,卵
10731,トマト
10733,じゃがいも
10734,卵
10735,"卵,ブロッコリー"
10739,きゅうり
10745,卵
10747,じゃがいも
10748,ピーマン
10754,じゃがいも
10769,"きゅうり,トマト"
10770,トマト
10772,"牛乳,卵"
10775,"きゅうり,にんじん"
10776,きゅうり
10777,ピーマン
10780,卵
10801,ブロッコリー
10804,卵
10807,"卵,じゃがいも"
10809,にんじん
10828,"キャベツ,卵,牛乳,トマト"
10834,きゅうり
10837,かぼちゃ
10841,レモン
10891,卵
10898,レモン
10899,トマト
10915,にんじん
10919,ピーマン
10920,じゃがいも
10921,"かぼちゃ,ブロッコリー"
10922,卵
10923,じゃがいも
10935,かぼちゃ
10937,きゅうり
10938,じゃがいも
10942,きゅうり
10957,卵
10959,きゅうり
10960,大根
10961,にんじん
10965,きゅうり
10966,"牛乳,卵"
10968,卵
10974,トマト
10982,きゅうり
10985,"じゃがいも,牛乳"
10986,トマト
10991,じゃがいも
10992,"卵,キャベツ"
10994,きゅうり
10997,じゃがいも
11004,ブロッコリー
11006,ピーマン
11017,きゅうり
11019,キャベツ
11023,牛乳
11024,トマト
11029,"卵,にんじん"
11080,"トマト,きゅうり"
11084,"かぼちゃ,じゃがいも"
11092,"ピーマン,卵"
11094,卵
11106,にんじん
11112,"ピーマン,にんじん"
11113,大根
11115,じゃがいも
11128,にんじん
11140,じゃがいも
11143,大根
11145,にんじん
11148,にんじん
11149,トマト
11151,ブロッコリー
11152,"きゅうり,トマト"
11155,ピーマン
11156,大根
11157,かぼちゃ
11158,ブロッコリー
11160,"キャベツ,ピーマン"
11161,きゅうり
11162,トマト
11166,かぼちゃ
11167,キャベツ
11171,大根
11191,卵
11195,トマト
11201,にんじん
11202,卵
11207,"ブロッコリー,トマト"
11211,トマト
11214,卵
11222,"牛乳,レモン"
11226,にんじん
11227,にんじん
11228,きゅうり
11231,にんじん
11234,卵
11235,卵
11236,にんじん
11237,牛乳
11247,"じゃがいも,にんじん"
11272,大根
11286,"ブロッコリー,キャベツ"
11310,卵
11318,卵
11319,"ピーマン,トマト"
11320,キャベツ
11326,きゅうり
11328,卵
11329,キャベツ
11332,卵
11341,"大根,にんじん"
11345,トマト
11350,"にんじん,きゅうり"
11352,きゅうり
11353,にんじん
11354,ピーマン
11355,キャベツ
11356,にんじん
11362,"じゃがいも,にんじん"
11363,にんじん
11367,きゅうり
11373,かぼちゃ
11382,にんじん
11385,"にんじん,牛乳"
11386,"キャベツ,レモン"
11409,"キャベツ,にんじん,かぼちゃ"
11420,卵
11421,じゃがいも
11438,ピーマン
11439,キャベツ
11441,ピーマン
11442,きゅうり
11444,にんじん
11445,にんじん
11450,"牛乳,卵"
11452,きゅうり
11453,牛乳
11454,"にんじん,じゃがいも"
11455,キャベツ
11476,ブロッコリー
11479,卵
11490,"じゃがいも,にんじん"
11496,"にんじん,きゅうり"
11504,にんじん
11508,卵
11509,"にんじん,じゃがいも,牛乳"
11540,きゅうり
11545,キャベツ
11551,牛乳
11558,"ブロッコリー,にんじん"
11646,にんじん
11684,牛乳
11691,ピーマン
11695,卵
11698,キャベツ
11706,レモン
11711,"キャベツ,牛乳"
11713,"卵,牛乳"
11715,卵
11717,大根
11718,にんじん
11721,"卵,牛乳"
11722,"キャベツ,卵"
11724,にんじん
11729,ブロッコリー
11730,きゅうり
11748,トマト
11771,"トマト,キャベツ"
11772,レモン
11789,大根
11790,大根
11844,レモン
11866,"じゃがいも,牛乳"
11875,きゅうり
11879,レモン
11893,にんじん
11897,"キャベツ,卵"
11904,きゅうり
11908,かぼちゃ
11910,にんじん
11914,"大根,にんじん"
11930,"大根,きゅうり,にんじん"
11953,キャベツ
11954,キャベツ
11975,ピーマン
11976,"キャベツ,にんじん,ピーマン"
11977,ピーマン
11978,ピーマン
11983,じゃがいも
11989,"にんじん,卵"
12000,トマト
12010,キャベツ
12011,"卵,きゅうり"
12016,じゃがいも
12017,にんじん
12032,にんじん
12050,"キャベツ,かぼちゃ"
12054,大根
12056,にんじん
12072,"じゃがいも,ブロッコリー"
12102,"大根,きゅうり"
12109,トマト
12111,卵
12173,卵
12192,にんじん
12201,"キャベツ,にんじん"
12229,大根
12234,卵
12235,"卵,牛乳"
12250,卵
12251,卵
12252,にんじん
12253,"キャベツ,ピーマン,にんじん"
12272,きゅうり
12284,にんじん
12289,キャベツ
12297,"きゅうり,卵"
12298,ピーマン
12307,かぼちゃ
12325,"じゃがいも,にんじん,きゅうり,牛乳"
12338,牛乳
12350,キャベツ
12351,きゅうり
12352,にんじん
12358,きゅうり
12364,にんじん
12366,きゅうり
12373,キャベツ
12374,にんじん
12376,きゅうり
12382,トマト
12383,"にんじん,きゅうり"
12394,"ブロッコリー,レモン"
12406,にんじん
12407,"かぼちゃ,牛乳"
12449,卵
12450,きゅうり
12455,牛乳
12458,かぼちゃ
12460,ピーマン
12477,にんじん
12485,卵
12534,ブロッコリー
12535,にんじん
12541,トマト
12542,卵
12548,にんじん
12563,きゅうり
12577,にんじん
12583,トマト
12593,かぼちゃ
12600,キャベツ
12617,じゃがいも
12618,にんじん
12625,卵
12628,"卵,かぼちゃ"
12689,牛乳
12690,卵
12710,にんじん
12744,キャベツ
12754,卵
12757,じゃがいも
12760,"キャベツ,にんじん"
12849,じゃがいも
12875,トマト
12912,"トマト,じゃがいも"
12913,ブロッコリー
12931,"キャベツ,にんじん"
12932,"きゅうり,にんじん"
12949,"キャベツ,にんじん"
13020,牛乳
13045,牛乳
13046,じゃがいも
13099,大根
13103,"キャベツ,卵"
13106,かぼちゃ
13107,ピーマン
13109,じゃがいも
13123,にんじん
13139,卵
13234,"じゃがいも,きゅうり"
13267,牛乳
13321,にんじん
13375,トマト
13384,卵
13430,キャベツ
13441,大根
13458,"ピーマン,かぼちゃ"
13460,"じゃがいも,にんじん,卵"
13467,"キャベツ,卵"
13493,卵
13499,ピーマン
13602,ブロッコリー
13603,卵
13619,トマト
13627,牛乳
13630,卵
13641,"かぼちゃ,にんじん,卵"
13660,にんじん
13745,ブロッコリー
13749,にんじん
13793,トマト
13827,じゃがいも
13848,キャベツ
13874,キャベツ
13921,かぼちゃ